line_keV,window_low_keV,window_high_keV,events_in_window,fraction_of_all
218.0,185.29999999999998,250.7,158,0.3347457627118644
440.446,374.3791,506.5129,156,0.3305084745762712
